,order_id,product_id,add_to_cart_order,reordered
953520,2352138,12784,1,0
1110380,2744398,24184,8,1
1142089,2821351,47626,15,0
977246,2409863,16137,12,1
1196772,2956247,15472,31,0
901193,2224372,24135,2,1
1245521,3076707,21137,4,0
1324273,3271505,48775,9,0
796832,1962578,30016,6,1
862148,2127412,20410,2,0
686458,1686833,45656,1,0
1280389,3163342,11689,22,0
1333299,3294776,5115,2,1
1117090,2760891,5025,16,1
109655,268656,40670,12,0
862516,2127972,12212,2,1
1353871,3344845,16768,17,0
556935,1369794,890,15,1
690024,1695597,648,12,1
283073,688982,9358,1,1
390525,953344,6023,5,1
217720,533177,31886,3,0
1127856,2787955,35221,4,1
1239027,3060037,28156,10,1
631950,1556092,9819,11,0
268091,653468,47630,3,1
1140126,2816943,30336,4,1
1256379,3106100,14633,7,0
1011243,2498813,23,15,0
596149,1466092,47492,5,1
265814,647628,27470,9,0
545266,1341927,30422,18,0
129364,315978,19376,3,1
1178084,2909621,34050,4,1
753285,1854195,45123,12,0
1031882,2550803,45007,13,1
143388,349507,24852,1,1
1280198,3162940,28064,11,0
458833,1123948,45937,11,1
28853,70190,14462,8,1
328557,800256,43183,8,0
562318,1382702,27247,1,1
923289,2278220,33129,6,1
785604,1934346,40377,18,0
1175825,2904036,29662,3,1
86416,214631,32197,13,1
157866,385808,12889,1,1
915005,2257870,32734,7,1
116044,283959,24810,14,1
850693,2099956,27730,14,1
323209,786821,32689,1,1
324833,790806,5031,22,1
1362966,3368463,46667,9,0
985133,2431740,12087,2,1
974097,2403327,14881,9,1
1100906,2721271,3520,10,0
1275699,3151631,35914,2,0
406405,994548,48230,10,1
746938,1837890,45633,3,1
159928,390852,23334,1,1
394064,962528,42450,2,1
328625,800466,27241,6,1
1325360,3274477,5699,8,0
543457,1337218,38108,28,0
378275,923377,46654,1,0
1052559,2604159,39275,11,1
977640,2410931,27966,9,1
897563,2214995,20382,5,1
1031786,2550593,31872,7,0
939887,2318859,40078,2,0
1274991,3149871,44912,12,0
1175762,2903701,8490,7,0
842098,2077829,9839,6,1
987201,2437480,35221,4,0
144223,351947,432,1,1
1015580,2511005,26634,5,1
1147123,2834070,33508,7,1
363975,886014,22880,4,0
697346,1713596,45066,15,0
1055000,2609598,2295,11,0
405845,992940,35750,34,0
227717,557865,26587,14,0
291691,710233,15366,7,1
476642,1167814,36675,26,0
721268,1773196,5646,6,1
268864,655011,30918,2,1
48579,119790,40568,5,0
1235883,3052707,673,5,0
316281,769830,3458,17,0
388330,948071,35547,20,1
872784,2152507,25257,2,1
345389,841147,24852,2,1
1136994,2809104,2977,18,1
1249043,3085630,30011,8,1
462944,1134383,33754,4,1
1050011,2597110,29553,9,1
1346738,3327394,13425,3,1
1067597,2639584,16797,5,1
798361,1966449,28985,1,1
299207,728272,5479,2,1
27137,66050,36968,13,1
1108039,2738847,48097,5,1
312931,761678,45635,1,0
997313,2462725,47766,8,1
171993,420820,23516,19,1
1258870,3111667,43662,17,0
917874,2265354,34234,3,1
464636,1138928,41363,5,0
616904,1518638,31477,5,0
18500,44829,23032,1,0
179265,440397,48230,24,1
1338612,3307423,9176,9,0
837404,2064639,4658,4,1
1061858,2625751,33509,8,1
902001,2226284,24830,8,0
811385,2000998,21903,2,1
240478,587344,48524,11,0
714711,1757393,5031,20,0
851355,2101864,4966,15,0
1314519,3247375,24195,5,0
13649,33079,33407,9,0
515042,1265496,10621,2,1
530733,1303270,20875,7,0
275810,671826,20940,1,1
1364140,3371435,2106,5,1
937615,2313293,41570,3,0
315159,767198,39877,5,1
116564,285147,14971,30,1
690782,1697937,39877,4,1
466144,1142376,26790,5,0
809178,1995781,45443,9,1
865204,2134172,17948,15,1
774160,1905771,29373,27,0
321508,782752,49628,6,1
1216628,3005198,24489,14,0
439678,1075814,46931,1,1
916584,2262107,30233,3,0
1014644,2508423,49688,3,0
875815,2159211,47877,8,0
396652,969148,2855,39,1
536736,1318886,5212,11,1
516120,1267886,29987,7,1
1294396,3197067,17400,18,0
171463,419732,25659,6,1
245735,599655,48679,16,0
989157,2442890,48679,21,0
1038136,2567138,1446,1,0
366567,893396,31747,2,0
428877,1048870,10255,3,0
813450,2007027,22825,12,1
931727,2299789,48988,2,1
1114351,2754234,23170,2,0
72664,179342,46064,3,0
1230599,3040277,11520,4,1
1016350,2513408,12087,5,1
760611,1872929,15872,10,1
755123,1859089,44533,2,0
339739,827858,39180,1,1
378735,924485,40604,1,1
4648,11390,13269,10,1
12837,31036,21616,8,1
89034,221790,2537,18,0
384042,937458,23691,1,1
329766,802935,39619,16,1
215980,529010,23909,5,0
1293443,3195265,26730,5,1
124610,304654,31808,7,0
203629,499639,31506,23,1
37219,90930,48239,19,0
1253004,3096583,1140,11,0
806800,1989325,34,12,0
260984,636197,46680,4,1
1259921,3113955,27985,7,1
207645,508726,19051,12,0
383618,936001,18288,25,1
395730,967002,32851,17,1
569898,1400820,1947,6,1
494524,1214775,25837,1,1
324277,788940,28849,18,1
1377437,3404972,40396,17,0
545417,1342300,10685,2,0
435910,1065536,36165,2,1
353589,861120,9725,13,1
1342663,3317744,10992,13,0
408145,998989,14197,23,1
956975,2360834,36406,3,0
783425,1928812,38773,15,0
232156,567963,5547,10,0
1252636,3095480,13263,9,1
1254910,3102351,41220,15,1
773994,1905427,35159,6,1
76033,187887,42013,9,1
312256,760166,39265,14,0
1290611,3188301,43654,24,0
34074,82843,9755,6,0
494513,1214756,34079,14,0
1283661,3170601,36036,16,1
622037,1530367,39877,3,1
1265402,3126369,38293,2,1
43155,106376,45356,1,1
427842,1046323,31801,11,1
585467,1439611,17419,7,1
99073,244895,23734,3,1
419853,1028560,15097,6,0
961808,2372977,651,8,0
151666,370563,44008,19,1
5912,14314,42768,12,0
828986,2043618,14086,1,1
689085,1693526,12820,3,1
93085,231374,23659,4,0
346653,845073,4913,3,1
892234,2200863,22935,3,0
619175,1523599,13070,22,1
1317141,3253907,21955,8,1
494820,1215528,4793,2,1
1279387,3160893,39558,2,1
1183606,2924389,7835,5,0
524021,1287226,8448,8,0
50209,123921,44533,9,1
340123,828800,32478,1,1
452381,1107274,49235,6,1
466257,1142816,32281,8,0
1061880,2625853,47877,3,0
770108,1894995,21903,5,1
514077,1262776,24850,12,0
545550,1342388,26209,3,1
1064995,2632928,41259,8,0
28070,68260,29941,48,1
317042,772071,2597,4,1
187678,460559,26790,10,1
1332260,3292013,11984,5,0
1160291,2867907,39993,7,1
997284,2462711,7969,6,0
1097340,2711815,26209,13,0
1176076,2904927,24852,12,1
57329,140639,9124,12,1
1352880,3342780,14536,7,0
250121,610419,35547,3,1
82293,203322,37164,5,0
639141,1573259,46470,12,0
1190354,2940399,11679,3,1
389456,950653,8057,3,0
428580,1048158,8710,5,0
621161,1528275,23516,18,0
603268,1483697,25890,8,1
200688,491724,1819,12,0
896997,2213640,20448,1,0
959351,2366190,35503,8,1
203724,499915,47209,4,1
139758,341255,47734,14,0
1341362,3314057,27903,7,0
823399,2030824,24368,12,1
1096284,2709264,47209,7,1
996352,2460259,32099,7,1
855261,2111036,26857,43,0
1044555,2584099,38427,24,0
682892,1677542,22890,3,0
87047,216260,24852,6,0
766199,1886091,22395,9,0
284219,691718,8424,11,1
1138320,2812317,22113,4,0
911471,2249814,424,32,0
1054172,2608035,14347,2,1
741329,1824684,12033,1,1
331646,807060,24852,23,1
467130,1144995,34590,21,1
316834,771500,8412,2,1
247775,604909,13834,8,0
686748,1687509,8197,7,1
223240,546758,29447,10,1
656991,1615926,7781,13,1
497238,1221043,31215,1,1
833102,2053721,35383,5,1
1030775,2548409,8309,1,1
137509,335813,11068,2,1
1361653,3365478,13733,8,0
526710,1294060,10032,9,0
1132151,2797843,14335,10,0
454688,1112528,25986,8,1
358234,871412,16253,16,1
1139133,2814373,38511,5,1
11908,28621,32387,9,0
1173959,2900022,7480,1,1
351427,856013,5068,12,1
410397,1004644,48679,28,0
52199,128440,37766,13,1
997507,2463254,13870,1,0
542353,1335084,49652,1,1
219402,537531,9901,15,1
1215216,3001496,27625,17,1
298127,725777,23039,5,0
1209950,2988217,7916,23,0
428565,1048103,38293,13,1
671987,1651192,18468,14,0
243368,594087,21709,1,1
618897,1522833,24184,22,0
39603,97455,29141,43,0
839133,2068997,41950,3,1
1012162,2500884,12503,3,0
629918,1550536,9421,4,1
1279611,3161122,46616,12,0
1258086,3109898,30659,22,0
1044951,2584880,8021,1,1
1037918,2566257,26604,19,0
1328778,3283530,42736,17,1
841087,2074516,12986,5,0
788784,1942411,15592,17,1
703335,1729684,44570,1,0
572716,1408665,18439,44,0
1354912,3347452,19845,1,0
696693,1712013,45578,5,0
349845,852358,23881,17,1
183286,449437,46979,2,0
629414,1549331,1514,10,1
1349706,3334433,42078,3,1
1340054,3311176,8174,2,1
1312064,3241457,36724,15,1
752294,1851713,44987,13,0
564143,1386945,39886,1,1
1025218,2535036,11182,16,0
9690,23192,5479,4,1
138281,337914,44661,5,1
368336,899034,13944,1,0
638521,1571982,15860,6,0
1263959,3122821,13176,5,1
1119153,2765336,35140,9,0
485425,1191045,35750,2,1
605906,1490435,44310,18,1
1187229,2933325,33731,38,1
41470,101790,21560,4,1
820813,2024477,8539,3,0
858059,2117808,41950,25,1
869975,2145986,343,13,1
1157117,2859508,43545,2,1
1318671,3258132,27104,9,0
284716,692321,42701,7,1
707675,1739499,24269,9,1
1006837,2487483,21137,28,0
1079531,2669090,47766,5,1
879916,2170480,37646,9,1
30391,73945,47766,9,1
529991,1301344,32338,6,0
73678,181928,39560,27,1
137106,334399,16995,18,0
542989,1336222,16327,36,0
620492,1526805,2966,10,1
707386,1738822,13176,15,1
800984,1973351,8277,9,1
68935,169830,45375,6,1
503324,1236072,14211,14,0
402319,984181,18918,2,0
1089295,2691818,21137,6,0
347542,847366,43018,5,1
664249,1633573,35413,14,0
1034578,2557706,41149,11,1
790994,1948362,34798,19,0
475499,1165004,34126,14,1
1337138,3304295,30295,3,0
1090689,2695369,44948,14,1
349504,851570,48679,8,0
836944,2063151,30442,5,0
1027806,2541695,15285,7,0
260117,634032,13176,10,0
1352528,3341795,17840,2,1
763497,1879627,10527,5,0
316916,771715,26369,5,1
437644,1070534,14715,1,1
1092403,2700245,18465,2,1
121615,297478,31231,10,1
720159,1770176,10957,2,0
761573,1874978,32734,2,1
154688,377642,13176,19,0
828054,2042218,36724,11,1
1250719,3090627,21195,6,0
426579,1043865,49026,16,1
1377386,3404860,30169,4,1
289096,703166,31848,9,0
697128,1713212,37067,2,1
1279462,3160930,38159,10,1
711852,1750923,24654,11,1
511009,1254826,33000,2,1
1124880,2780669,17600,2,1
371969,908044,20995,16,0
1231870,3042640,15235,6,1
391041,954471,11526,4,0
21922,53044,23029,5,1
529133,1299358,4957,10,0
189274,464185,24524,1,1
484633,1188600,20608,20,0
37708,92766,36207,6,0
788046,1940367,24577,35,0
470741,1153330,43961,14,1
618298,1521504,20698,19,0
1019164,2520498,20760,9,0
584152,1436135,34678,17,1
193642,474529,5479,3,1
986127,2434399,35982,10,0
422327,1033614,21903,5,1
1370961,3389290,26384,2,1
797148,1963333,41787,4,0
155602,380359,10527,7,0
685641,1684871,35584,1,1
208600,510910,40571,3,1
1307477,3229441,29527,4,0
800028,1971003,972,20,0
77493,191423,27966,1,0
276370,673150,5878,14,0
481409,1180263,31883,37,0
46783,115079,260,12,1
1370747,3388774,47626,12,1
7228,17637,898,30,0
752400,1852087,32655,2,1
377355,921044,26893,35,1
994249,2455822,35221,5,0
1044235,2583354,24186,6,1
182045,446387,8072,33,0
880643,2172143,28576,5,1
691436,1700059,13176,1,1
728658,1792289,10411,20,0
1061771,2625718,38267,11,1
891494,2199064,2344,3,1
489821,1202918,8506,18,0
726201,1786008,8022,9,1
1342934,3318405,10232,15,1
14707,35422,9020,10,1
715893,1759946,27102,3,1
358212,871324,38928,10,0
840184,2071769,33957,20,1
343292,836576,9122,9,1
1051131,2599916,21948,15,1
589400,1449197,2962,2,0
1108419,2739767,38739,7,0
1286539,3178160,23565,22,0
889527,2194969,15290,5,1
1068957,2642706,42265,5,1
992179,2450701,38275,6,0
863590,2130813,22827,17,1
1163126,2874700,27086,2,1
546151,1344165,141,29,0
678068,1665869,24838,9,1
88910,221475,32465,4,0
645903,1589635,46984,8,0
397255,970952,13545,6,0
1168761,2888489,24964,22,1
422658,1034034,14540,14,0
1056378,2612782,16145,11,1
231258,565655,39936,5,0
709379,1744053,30624,6,0
257754,628947,31502,3,1
1040279,2573334,13032,3,1
430131,1051449,10132,11,1
1075693,2658863,24964,4,1
1322840,3267853,44843,5,1
539225,1326341,15290,12,1
1297158,3203713,39397,28,1
1296685,3202563,8277,15,1
1152097,2846783,13070,6,0
433121,1058645,30021,4,0
606064,1490622,48679,12,1
936174,2310164,35420,7,0
1159138,2865276,24798,7,1
1035019,2558771,18019,3,0
513250,1260410,23234,6,1
4207,10446,20776,4,0
1010884,2497722,27086,3,1
212580,521333,21267,25,0
114871,280886,20976,11,0
1087957,2688341,42450,13,1
1331161,3288755,33000,5,1
1328273,3282102,5785,4,1
1187706,2934354,44422,4,1
1078882,2667329,7781,7,0
1099439,2717916,15156,13,1
1322950,3267979,3407,15,1
550042,1353491,23074,3,1
428113,1046859,49509,15,0
821732,2027022,5684,5,1
384851,939737,45066,11,1
118146,288740,29527,8,1
1123934,2778022,27429,6,0
478232,1171525,12341,6,1
195505,479003,5825,6,0
503799,1237547,31506,10,1
416114,1019563,23955,10,1
884052,2180931,18523,9,1
300751,732301,31066,30,0
343985,837845,21376,12,1
497702,1221876,30057,8,1
116997,285830,44632,1,1
181125,444210,47209,1,0
937636,2313306,2488,2,0
386677,943680,13176,2,1
610753,1502821,9825,13,1
1057380,2614799,14709,1,1
1383334,3418722,36865,12,1
101670,250566,27356,12,1
420101,1029085,23165,12,1
464382,1138295,17672,9,1
727639,1789849,21903,4,1
856420,2114174,10193,11,1
119392,291579,13113,5,0
84662,209779,25747,2,0
1224943,3027460,28599,15,0
1125575,2782446,22368,1,1
25136,60776,37067,4,1
1206391,2979867,2120,9,0
302987,737691,48595,25,0
571158,1404328,5025,15,0
744175,1830633,21376,6,1
1051539,2600989,11520,5,0
905590,2235137,28427,4,1
576965,1418568,46584,2,1
101419,250049,9807,8,0
655312,1612459,23715,10,1
190353,466387,36189,25,1
869673,2144997,4920,12,0
877669,2164537,46820,10,0
584143,1436135,36316,8,1
574967,1413769,42741,9,0
964824,2380260,17487,9,1
113798,278281,43295,3,1
210265,515395,44359,14,0
1102553,2724998,32079,2,1
27034,65821,39928,12,1
879039,2168354,30257,22,1
623703,1534989,19006,4,1
427392,1045534,8309,14,1
650440,1600274,5128,5,1
409367,1002396,15925,3,0
281665,686185,34448,11,1
713212,1753693,5423,8,1
580775,1427689,21174,6,0
924515,2281496,28137,2,0
1102206,2724225,24964,5,1
1093285,2702864,24852,2,1
1220190,3014831,20114,5,0
887274,2189202,41844,16,0
558376,1372847,43556,2,0
1209011,2986102,6182,4,1
533713,1310895,33005,15,0
59580,146047,35221,12,1
595496,1464582,45186,10,1
29353,71565,37354,1,0
1197661,2958209,40479,1,1
619770,1524708,20899,25,0
322277,784488,4605,13,1
1218876,3010747,4605,3,1
1081467,2673626,30921,3,0
119444,291687,5390,17,0
567044,1393193,23233,1,0
1071635,2648347,43631,2,1
1325311,3274349,8087,5,1
461462,1130224,21077,3,0
726952,1788151,37971,2,1
1356280,3350862,28204,2,1
942032,2323920,14119,9,1
725893,1785018,32271,3,0
742557,1827213,20583,3,1
754429,1857342,21462,3,0
1253476,3097831,5450,2,0
29893,72732,8251,12,1
149201,364582,46969,9,1
1317728,3255449,33885,2,1
1355016,3347621,42320,4,1
655211,1612116,3044,3,1
579685,1424689,27299,9,0
729525,1794436,24852,6,1
1085861,2682866,10473,8,1
1061488,2624751,34050,1,0
245563,599149,25985,7,1
564077,1386752,37646,18,1
940707,2320712,45007,22,0
223057,546385,744,8,1
485942,1192529,46979,11,1
817442,2016920,24263,11,1
591962,1455829,40604,1,1
1205022,2976396,2238,9,1
77799,192063,9339,11,1
251726,614525,27344,10,0
186327,456526,9104,14,0
145931,356314,43421,5,1
315887,768962,35140,20,0
278063,677551,38274,3,1
320667,780848,24852,2,0
747678,1840000,33041,12,1
1352470,3341544,24852,7,1
170493,417136,1695,5,1
780654,1921788,6522,2,1
318782,776995,46616,4,0
1378119,3406369,7503,13,0
690404,1696898,15429,1,1
1076112,2659973,45309,4,1
452484,1107440,14814,7,1
1204641,2975455,41149,6,0
318670,776559,248,3,0
123622,302614,31846,2,0
1337423,3305005,41177,7,0
447678,1096098,14233,3,1
963052,2376264,44325,25,0
1216009,3003691,22454,5,0
350768,854357,17769,23,1
32884,79772,33704,26,1
106068,261647,31477,7,1
42441,104368,3593,18,0
1320816,3262858,29615,6,1
142480,347243,15802,4,1
1348157,3330969,3773,1,0
589564,1449395,47357,3,1
1199831,2963630,35578,2,0
476160,1166481,39993,19,1
874909,2157227,10132,8,1
918096,2265768,24852,3,1
478388,1172033,21137,4,1
550023,1353467,34124,8,0
690150,1696113,34137,4,1
765836,1885299,22825,21,1
746579,1836487,34126,24,1
962289,2374262,35108,8,1
1039514,2571186,48785,16,0
248268,606055,21903,8,1
1064284,2631493,19508,2,0
239365,584706,42562,2,1
624100,1536015,37158,4,1
704639,1732695,24184,3,1
946771,2335614,49144,2,1
297764,725171,26800,4,0
280965,684440,15712,3,0
123283,301691,6647,25,1
467094,1144923,49509,23,0
1247207,3080865,10529,24,1
606016,1490599,47626,3,1
321932,783775,11520,6,1
420234,1029297,18465,9,1
1343550,3319816,1158,10,1
1251616,3093040,3594,5,1
690672,1697437,33176,3,1
178528,438371,49481,1,1
143455,349664,13176,3,1
867953,2140800,31683,2,1
1015355,2510275,27796,9,0
830501,2047301,2344,7,1
1256933,3107539,25495,5,1
1160127,2867558,42460,7,1
1030287,2546977,44479,4,1
1383582,3419083,12409,8,0
1265200,3125951,1063,6,0
1159780,2866702,18321,11,1
962054,2373663,1166,6,0
142549,347470,11109,5,1
1124457,2779673,34540,18,0
839916,2071407,27977,22,1
560732,1377974,38400,6,0
114910,281018,32537,3,0
352781,859265,39877,4,1
47449,116711,29553,4,1
966776,2385351,31481,7,0
1268300,3133220,21447,17,0
1190974,2942114,21616,7,1
490063,1203312,36962,32,0
1113899,2752619,40670,4,0
905409,2234868,18370,16,1
690411,1696898,6193,8,0
921989,2275514,21137,6,1
1319539,3260194,2091,3,1
775689,1909496,14233,1,1
1151645,2845530,5268,2,1
597324,1469221,9390,11,1
1338626,3307462,25408,1,1
1015603,2511042,1360,1,0
1132914,2799612,21137,2,0
486782,1195227,6046,2,0
517461,1270518,40706,12,1
1111410,2746973,32433,2,0
307531,748391,35221,1,1
1250566,3090150,28600,1,1
1371905,3391853,27845,22,1
949286,2341730,4920,7,1
954245,2353726,24221,10,0
92311,229395,14650,7,0
1220290,3015169,24852,4,1
340073,828748,12508,6,1
1349092,3332853,6287,5,0
1304704,3221877,1519,2,1
465579,1141076,46979,15,0
1050674,2598737,32018,9,1
582818,1432740,48199,3,0
314259,765030,21137,13,0
964451,2379249,3376,23,1
497371,1221385,27521,13,0
512707,1258696,46817,7,1
59530,145993,47734,14,0
48851,120277,38310,8,0
637100,1568717,26985,4,1
458435,1122962,37141,8,0
667282,1640940,10466,25,1
292504,712199,35582,7,0
484248,1187524,15399,5,1
30105,73280,35420,11,1
458396,1122881,45525,4,0
256344,625282,20788,42,1
723250,1778402,19244,8,0
711897,1751010,44359,23,0
1376355,3402700,23139,6,0
845178,2086716,32478,5,1
1188768,2936877,35042,11,1
174305,427122,2974,2,0
348172,849212,11712,12,1
42506,104669,9521,10,0
1106537,2734637,20034,13,0
91204,226666,8174,12,1
725082,1783020,15869,15,1
1270645,3138859,47672,16,0
489193,1201322,44728,3,1
1187074,2933101,19448,13,1
25353,61409,26604,3,1
1074790,2656917,36322,13,1
47042,115669,45999,15,0
137520,335822,5876,6,0
1346740,3327394,41238,5,1
296346,722001,29487,15,0
376860,920063,248,12,1
693746,1705633,30391,1,0
1117392,2761408,39947,6,0
69140,170562,41844,1,1
825207,2035023,47977,2,1
884308,2181416,27069,12,0
1187914,2934803,48204,20,0
643587,1583741,18202,11,0
1152285,2847170,21137,6,1
479214,1174181,21137,3,0
437681,1070657,24024,2,1
769882,1894502,19156,9,1
896071,2211066,46667,10,1
862387,2127725,24852,2,1
796626,1962060,15604,5,1
468528,1148089,39619,12,0
1323124,3268492,29931,26,1
1382693,3417457,45007,1,1
945228,2332153,13176,3,1
1156144,2857210,19660,1,1
313095,761912,46979,8,1
117508,287119,45767,24,1
535113,1314521,26800,3,1
61302,150648,39984,4,1
1087040,2686168,47766,1,1
799342,1969105,46755,11,1
1171433,2894405,8193,4,1
949812,2343021,38827,3,0
647019,1592567,44085,8,1
10738,25866,45622,17,1
1143193,2823643,26369,11,1
202327,496438,20955,3,0
1032307,2552383,8693,1,0
958242,2363591,41414,9,0
1077536,2663714,22228,13,1
1353518,3344027,32079,4,1
847478,2092710,5025,5,0
93708,232693,12456,19,1
1155409,2855353,8518,1,1
1080225,2670527,11926,21,1
1014772,2508780,21288,5,0
1340139,3311465,43631,1,1
728199,1791239,5067,17,0
418545,1025449,20920,20,0
700878,1722996,24852,6,0
952210,2348876,228,3,1
600728,1477507,27730,2,0
107697,264783,42342,19,0
1171002,2893609,24830,6,1
880965,2172825,43789,6,1
467608,1146034,24852,1,1
311646,758962,29439,11,0
696767,1712153,13176,2,1
187409,459757,15351,6,1
657284,1616778,16254,14,1
833210,2053883,46979,14,1
1314642,3247780,21948,2,1
136317,332461,17862,6,0
1261955,3118383,45007,7,1
429531,1050141,26201,6,0
1337,3938,5450,2,1
512754,1258852,32331,7,1
1120394,2768439,49332,6,0
939178,2317553,26604,15,1
520891,1279625,3884,2,0
609413,1499462,32396,16,0
891982,2200005,21616,5,0
578486,1422276,12206,4,0
1342459,3317235,29487,5,1
336458,819755,25970,29,1
134490,328235,11773,6,1
1087884,2688296,4605,11,0
652673,1605625,25171,16,0
304805,742178,26765,1,1
386030,942316,14627,8,1
38870,95894,40674,2,0
1071533,2648047,40516,4,0
475157,1164148,33055,4,1
1287449,3180521,47209,4,1
580350,1426472,24852,8,1
96648,239509,48423,13,1
1358074,3355806,23794,3,0
834803,2057654,43352,4,0
1073389,2653221,26165,2,1
1297443,3204375,15290,4,0
1363537,3369810,42828,11,1
1073823,2654358,16994,23,1
841211,2074695,35176,20,0
399253,976222,43026,7,1
1123149,2775618,27020,10,1
316086,769425,23554,10,1
1025353,2535401,27570,7,1
675525,1659639,22312,4,1
871803,2150528,13259,5,1
364134,886338,11689,2,1
676467,1662238,23236,2,0
888604,2192574,21903,8,1
458310,1122651,24492,13,0
174936,428307,21694,1,1
1296083,3201139,21497,4,1
261291,636905,8424,17,1
990885,2447017,42768,9,1
1249231,3086107,5212,6,1
23842,57270,38141,40,0
405336,991939,17461,8,0
395973,967588,5785,11,1
608704,1497512,30489,2,1
613496,1510525,1516,12,0
746168,1835409,47209,4,1
476315,1166876,29722,5,0
924378,2281043,15290,7,1
742000,1826168,25783,3,0
1123466,2776615,8710,2,0
133245,325094,6583,5,1
611784,1505784,19678,6,1
435945,1065614,26348,6,0
216800,530658,27104,7,0
675489,1659540,45066,2,1
483933,1186536,39619,9,0
876718,2161862,21903,1,0
957948,2362875,21894,14,0
914610,2256731,5769,3,1
338141,824383,11512,10,1
1319012,3259092,46616,4,0
943323,2327649,20842,2,1
1008357,2491485,38838,13,1
172366,421943,23377,11,0
404316,989471,13819,3,1
1039474,2571108,35000,21,0
654146,1609519,27966,13,1
986332,2434989,5710,12,1
290183,706607,33810,6,0
414290,1014843,22504,9,1
920491,2271346,48320,14,0
1291573,3190672,9839,1,1
825510,2035870,37564,11,0
833705,2055109,9741,1,1
1291791,3191357,24035,10,1
464286,1138124,18,6,1
703733,1730466,24838,8,1
40621,99434,31717,22,0
562694,1383407,14992,7,1
782663,1926964,32655,7,1
776077,1910578,30450,1,1
20427,49520,14913,2,1
3466,8226,13380,5,0
1177594,2908499,8239,19,0
1369532,3385698,17983,7,0
917053,2263122,31127,4,1
359398,874466,28156,2,0
511027,1254935,36866,7,1
327010,796369,22056,17,0
359119,873729,21793,16,1
156108,381361,9477,24,0
1012758,2502541,8693,5,1
849270,2096786,21137,4,1
427546,1045702,19896,6,1
763831,1880483,35004,4,1
199898,489754,19049,5,0
367177,895484,13471,10,1
463267,1135055,17900,8,0
882519,2176664,20463,3,0
1327601,3280498,7673,12,0
753156,1853870,3990,17,1
76478,188761,19904,7,0
511849,1256761,46906,1,0
868004,2140818,32864,8,0
177103,434519,34164,4,0
419001,1026348,48745,21,0
5037,12562,2509,5,0
691906,1700997,4269,28,0
1083811,2678406,27086,5,1
210321,515686,45200,3,0
1031515,2549881,21137,1,1
1179741,2913728,10351,20,0
191929,470102,31036,7,1
855172,2110969,22935,9,1
1079017,2667724,15483,8,1
1190061,2940031,41950,26,0
973490,2401448,29615,2,1
885563,2184526,940,9,0
823724,2031521,30169,4,1
268129,653655,1244,11,1
1219014,3011286,12858,9,1
71712,177047,47156,7,0
553242,1360521,24964,1,1
727891,1790382,30784,8,0
1204567,2975374,44636,14,1
1116795,2760286,16797,9,1
1272546,3143482,40824,4,1
412147,1009613,42736,3,1
767526,1889439,35951,4,1
1189422,2938611,37640,12,0
706219,1736104,21026,2,0
1062280,2626840,27642,23,1
847367,2092358,49610,12,1
149459,365212,19678,15,1
1193929,2949456,33452,2,1
621470,1529119,47626,4,0
623723,1535041,8309,10,1
888155,2191599,11679,7,0
274053,667164,17706,15,1
461056,1129169,42342,3,1
221779,543314,8424,7,1
944455,2330245,20114,1,0
890982,2198154,46906,13,1
277979,677284,15995,9,1
902851,2228739,29180,12,1
189575,464472,21137,2,1
1356022,3350244,15392,5,1
411720,1008527,15680,1,0
1344094,3321182,4781,29,1
518781,1274106,26604,12,0
755335,1859858,21903,6,1
766881,1887931,21709,3,1
368837,900390,23385,3,1
79285,196116,11563,10,1
608179,1496115,18303,6,0
852704,2105146,49604,10,0
593946,1460917,22935,6,1
580420,1426590,4600,2,1
1203484,2972758,21914,1,1
1324449,3271943,8277,16,1
547705,1348067,43631,3,1
857314,2116264,26283,8,0
53251,131368,48289,5,1
1030278,2546926,19057,24,1
779077,1917882,45,3,1
555363,1365986,2846,8,0
82212,203015,11678,14,1
1073850,2654440,26709,3,1
742183,1826485,33462,9,0
711808,1750845,35221,2,1
1063281,2629253,21137,1,0
577409,1419603,19774,12,1
204004,500402,42768,5,1
313259,762461,16759,8,1
1127649,2787222,47990,6,0
846050,2089080,42701,3,0
1187658,2934214,42736,14,0
36209,88458,44293,22,1
1004818,2482715,7041,14,0
878412,2166692,16751,2,1
493907,1213330,26914,3,1
701859,1725598,43262,51,0
1290843,3188828,8424,12,0
1363388,3369520,38371,3,1
62729,154114,20014,14,1
313798,763677,40604,5,0
200596,491418,38739,3,1
364447,887177,21417,33,0
589887,1450259,32428,7,1
522075,1282816,32652,25,1
1029086,2544373,21929,24,0
1312104,3241495,36676,4,1
1282285,3167458,27845,1,1
1130608,2794254,26369,15,0
808468,1993547,17687,11,0
991809,2449746,32652,5,0
841514,2075848,19660,1,1
221310,542207,23362,6,1
380163,927227,28849,27,1
1088496,2689668,3800,14,0
5028,12538,22518,22,0
779640,1919231,40706,5,1
1341577,3314630,31717,25,1
609265,1498917,32734,9,1
1378921,3408518,44368,13,0
651271,1602487,11454,5,0
725846,1784991,23165,8,1
658039,1618789,13176,1,1
823093,2030060,31394,10,1
21875,52991,20282,5,0
281505,685538,35845,13,1
590877,1453254,42585,23,1
228763,560282,34126,5,1
862905,2128822,33462,8,0
26981,65733,24852,5,1
1334625,3298172,40969,5,0
1339156,3308837,24236,10,0
221337,542288,8518,17,1
400950,980452,33647,17,0
1136158,2807482,24073,5,0
223575,547459,43369,2,1
330033,803586,15091,5,0
1373164,3395354,43249,20,0
984068,2428770,43352,2,0
346775,845339,44177,10,0
429805,1050636,27966,2,1
1100856,2721228,38374,2,1
389520,950780,6962,22,0
620092,1525571,47766,3,1
606146,1490785,49678,16,1
1152473,2847894,22227,5,1
129492,316271,6104,5,1
173511,425554,343,8,1
1185544,2929774,27156,8,0
800729,1972906,12576,1,1
130061,317559,21903,2,1
1358713,3357411,46842,3,1
214797,526239,39275,6,1
843052,2080220,45445,7,1
73929,182523,39275,20,1
455786,1115501,47734,18,0
1262513,3119516,4210,8,0
667194,1640888,45767,3,1
741539,1825319,16349,18,0
95868,237856,48135,2,0
878234,2166214,28348,2,0
14672,35314,27720,3,1
1067067,2638183,27845,1,1
992048,2450292,36695,1,1
710122,1746019,28531,13,0
1335745,3300846,37687,25,1
551767,1356834,17270,10,0
809746,1997082,37147,11,1
771068,1897200,32478,14,0
9724,23294,22950,19,0
618411,1521833,28008,5,1
1380154,3411343,26790,9,0
1130933,2795155,8087,17,1
1359411,3359278,37766,2,1
1185058,2928862,3562,7,0
748917,1843153,7952,1,1
414482,1015146,46473,6,0
1114851,2754902,24838,14,1
273203,665124,5876,7,1
269745,656865,45840,1,1
447470,1095774,45535,8,0
997172,2462233,46041,1,1
164426,402508,23029,5,0
1242394,3068408,16759,9,0
183213,449322,28278,5,1
39335,96919,9076,12,1
369668,902519,39578,42,0
1223887,3024756,3397,7,0
158856,387848,23938,14,0
844032,2083296,24852,1,0
1152517,2847980,17867,2,1
629389,1549277,45541,11,0
678778,1667483,21580,1,0
1168611,2888154,24184,9,0
308758,751989,46266,10,0
576836,1418286,21137,8,1
927004,2288091,34969,13,1
152022,371461,16659,24,1
450841,1103590,19057,12,1
709540,1744650,4462,8,1
754396,1857179,35921,3,0
43723,107908,2469,7,0
322487,785032,35731,4,1
665460,1636893,18104,1,1
824440,2033130,23634,1,1
382545,934002,40396,4,0
359738,875070,6578,3,0
838669,2067984,20119,10,1
681047,1672350,13328,1,0
448967,1099322,31964,6,1
395411,966059,30391,11,0
237728,580697,4896,3,0
324695,790145,46372,1,0
772846,1902387,23965,10,0
1188792,2936916,30391,6,1
700552,1722038,7570,9,0
550195,1353870,10385,14,1
828611,2043204,20734,6,0
1021119,2525599,34040,3,1
334452,814373,25017,1,1
925208,2282905,39424,5,1
615006,1513897,3787,3,0
57508,141115,46138,1,0
596074,1465949,43904,13,1
721936,1774954,21903,19,1
429952,1050933,3075,11,0
1111994,2748291,1244,22,0
449129,1099868,49352,3,1
802795,1978725,14890,6,1
478748,1172647,12541,1,1
358880,873212,26168,18,0
346610,844829,24489,7,1
831321,2049517,33957,5,1
782537,1926460,42356,14,1
521390,1281176,42768,12,0
1136733,2808749,1999,14,0
78633,194712,22935,1,1
1333291,3294737,7781,2,1
233746,571129,10032,1,1
623559,1534623,19048,18,0
1170118,2891368,12467,1,1
192145,470733,38164,31,1
1142422,2821829,4562,23,1
93807,232881,45066,5,1
963906,2377906,24759,2,0
1258357,3110525,43875,39,0
1020460,2523725,24852,1,1
156556,382265,29449,15,0
677957,1665692,26209,3,1
1182210,2921292,3717,5,0
1167581,2885853,5547,7,0
185617,454186,48620,9,1
576801,1418191,41591,11,1
607985,1495592,44008,3,1
284446,691936,32864,8,1
101490,250162,32605,19,0
843623,2082121,35951,12,0
741699,1825594,5388,10,0
566809,1392497,42701,23,1
897200,2214359,2825,7,1
428836,1048693,26272,13,1
344232,838496,24799,4,0
331099,805877,33356,2,0
112931,276012,40593,4,0
615792,1515877,41920,1,0
432257,1056182,22151,7,1
1343624,3319948,15386,14,0
1168638,2888258,35395,1,0
587701,1445294,29864,14,1
263038,640908,15969,9,1
1253573,3098117,38622,8,0
309538,754290,11933,9,1
1033675,2555827,14399,16,1
378624,924274,22008,13,0
1250047,3088606,32939,1,0
1243368,3071027,31642,13,1
506501,1244097,6631,11,1
596001,1465687,46820,5,1
1250392,3089684,23576,2,0
173986,426442,4605,12,0
207650,508740,36127,2,1
1043500,2581141,49235,8,0
43349,106859,7803,5,0
1184829,2928078,38838,19,1
492967,1210242,22035,19,0
1130695,2794427,16014,3,1
1175067,2902493,13176,1,1
113417,277361,3762,18,0
1124099,2778674,32360,3,0
736108,1810707,40199,8,1
1267634,3131476,19478,4,1
659246,1621686,47209,1,1
1047447,2590609,22035,6,1
700713,1722326,14778,44,1
657481,1617273,20127,5,0
1371529,3391095,38911,2,0
82727,204095,8518,37,1
1087005,2685987,21903,13,0
1133493,2800956,24043,32,0
816276,2014068,39877,14,1
804014,1982329,40593,11,0
1041205,2575181,27284,3,1
1223319,3023203,1700,19,1
63003,155151,30958,12,0
147069,358895,3884,7,0
1373605,3396341,6297,10,1
1339371,3309471,27845,8,1
46774,115079,28204,3,1
1120468,2768656,25,2,1
210536,516310,9796,13,0
555040,1365145,21938,24,0
739883,1821268,29674,5,0
1182423,2921688,5618,1,0
178877,439394,49326,13,1
373758,913123,42585,5,1
1382102,3415982,3358,8,0
667939,1642173,24561,5,0
1365990,3377126,7781,14,1
394956,964617,10613,11,1
646915,1592292,21903,3,1
267247,651603,5456,9,1
306130,744831,35939,10,0
1142851,2822999,31292,1,1
843800,2082607,12206,7,0
1064317,2631667,16797,5,1
909528,2245171,13292,1,0
457439,1119848,10724,10,0
251009,612690,21850,28,1
225273,551372,29553,19,0
183645,449921,16489,9,1
604271,1486057,27966,2,1
381094,929959,44359,19,1
945590,2332951,36772,11,1
146984,358777,24852,1,1
248082,605436,29987,4,1
628777,1547837,25146,23,1
693400,1704744,20914,4,0
165560,404995,44072,9,0
74253,183602,30780,2,1
1091871,2698740,6046,21,0
1311189,3238560,21295,5,1
645241,1587985,2536,10,1
1108731,2740516,35761,27,0
670948,1648802,14898,2,1
115616,282974,34126,9,0
276051,672457,17033,7,1
124349,304294,6670,4,1
13429,32493,10895,4,0
1913,4726,19470,10,0
672700,1652846,22935,24,0
370128,903622,13870,12,0
639001,1573024,13083,21,0
361582,879975,34966,18,1
988061,2439944,27966,3,1
937112,2312220,47226,6,1
1222160,3020055,21283,33,0
1047224,2590023,23806,7,0
627531,1545226,37646,4,1
91757,228140,8587,6,1
854905,2110284,27714,9,1
1379789,3410780,9076,18,0
316412,770290,12732,1,1
1118957,2764833,8053,6,1
237507,580185,46666,8,1
933124,2302781,8671,11,1
482284,1182550,7035,1,1
1070328,2645320,16965,7,1
181658,445412,21405,4,0
1052488,2603999,11461,5,0
438879,1073844,27966,5,0
1062216,2626694,21405,2,1
936232,2310290,29898,14,0
784240,1930854,13198,1,0
1178893,2911707,24852,1,1
532574,1307823,35951,1,1
1213186,2996305,24964,10,1
352893,859616,28398,5,0
1292574,3192993,33768,7,1
769613,1893890,4942,8,0
378040,922567,11116,1,0
374131,913804,13640,9,0
374314,914097,21498,8,1
368915,900588,9825,29,1
351014,854725,22935,4,1
332982,810232,37033,7,1
79904,197549,44245,4,1
865360,2134568,49401,8,1
244482,596493,41950,21,0
340840,830853,22080,6,0
900139,2222034,41125,4,1
416522,1020176,35473,3,0
449572,1100634,38974,6,1
1129153,2791277,32655,1,1
1113146,2751101,24701,4,0
818217,2018392,42980,9,1
940814,2321003,28199,14,1
1283483,3170187,39218,12,0
772658,1901972,45296,22,1
1085649,2682651,26209,7,0
838371,2067227,21295,14,1
1062830,2628078,21117,8,0
383570,935947,47209,3,1
108483,266206,48034,5,1
784507,1931516,44987,7,1
1145566,2829726,21903,4,1
861091,2124938,39993,6,1
450110,1101692,28917,6,0
481378,1180263,43122,6,1
792953,1953378,31343,12,1
323714,787894,42352,11,1
1038359,2567704,36253,5,1
298367,726597,26211,15,1
340922,831089,23719,2,1
406059,993602,35752,3,1
395634,966738,31985,1,1
1308554,3232439,13914,8,1
538112,1322693,29397,14,0
24777,59522,44142,13,0
217456,532372,36869,5,0
852941,2105700,35504,1,1
1132931,2799612,17794,19,1
1139504,2815441,5184,10,0
1373476,3396111,19677,4,1
233138,569851,12154,6,1
1234801,3050172,33184,12,0
826565,2038492,32029,4,0
312768,761487,31113,1,1
1259689,3113520,24852,25,1
108101,265454,8571,2,1
1319472,3259962,49131,1,1
341845,832956,12508,8,1
101261,249688,39984,13,0
502479,1233957,23909,1,1
1194775,2951601,20588,10,0
1223907,3024864,22825,9,1
378516,924077,48206,13,1
9359,22206,19051,9,1
1314638,3247688,11823,6,0
1320116,3261446,3481,7,1
1186660,2932194,23296,10,1
783308,1928520,28913,8,0
758915,1869366,44455,9,0
1259508,3113121,44910,6,0
397636,972030,41787,14,1
536660,1318717,47792,6,1
849792,2097729,21903,2,1
86107,213934,30776,1,1
1039442,2571095,27576,1,1
47883,117717,37736,6,0
978039,2412018,35898,2,0
1322854,3267854,12576,7,0
1128739,2789933,17429,7,0
354361,862733,41844,11,1
716713,1761979,14651,11,1
684007,1680783,34126,4,1
20737,50228,25720,2,0
86904,215909,24899,5,0
1161759,2872033,4493,11,1
570810,1403354,21709,4,1
1043498,2581141,37710,6,1
771689,1899083,45633,9,1
1094020,2704353,31805,1,1
1110289,2743925,18567,20,1
1008372,2491530,48871,8,0
658920,1620710,48205,2,0
1199654,2963161,16254,4,0
1120133,2767640,31640,9,0
1009792,2494990,20152,23,0
320290,780026,47621,5,1
1038364,2567704,20158,10,1
410807,1005751,46703,3,1
437106,1069209,35951,1,1
1322443,3266890,19057,3,0
1276414,3153528,44359,11,1
477428,1170019,27966,10,1
1352224,3340689,5212,7,0
1133241,2800450,13409,6,0
1232137,3043300,17794,3,0
1170720,2893057,23044,18,1
473998,1161408,45566,1,0
724115,1780597,13198,4,0
1098387,2714671,5024,20,0
230131,563443,27845,14,1
556209,1368264,24761,4,0
441170,1079622,46011,6,0
919375,2269079,49191,7,0
532165,1306760,40396,5,0
430835,1052691,46990,11,0
332752,809763,39566,3,0
854131,2108400,45364,14,1
956308,2359053,2960,8,1
924425,2281184,41594,4,1
1010509,2496656,17007,2,1
606745,1492611,24009,7,1
1304229,3220758,31613,20,0
887633,2190220,40600,20,0
745048,1832468,12456,8,0
370775,905104,24852,2,1
674343,1656674,27344,4,0
949734,2342822,43693,1,1
541377,1332449,28083,7,1
604474,1486509,46979,10,0
839052,2068766,13838,4,0
1219160,3011740,27238,30,0
310744,757401,33356,2,0
736326,1811419,48079,11,0
735831,1809892,37940,7,1
374564,914632,5134,24,0
448242,1097576,41149,6,0
122579,299700,432,1,1
1352713,3341974,27663,5,1
359783,875224,47877,2,1
152315,371985,47209,7,1
963395,2376859,31717,5,1
117952,288258,35715,19,0
305711,743999,49192,12,0
